{
  "posts": [
    {
      "course": "웹디자인 포트폴리오 이수과정",
      "lecturer": "superman",
      "time": "40시간",
      "id": 1
    },
    {
      "course": "수포자를 위한 인공지능 수학",
      "lecturer": "supoman",
      "time": "20시간",
      "id": 2
    },
    {
      "course": "백엔드 개발자 전문과정",
      "lecturer": "wonderwoman",
      "time": "30시간",
      "id": 3
    },
    {
      "course": "스벨트 웹개발자 과정 입문에서 CRUD 연동까지",
      "lecturer": "ironman",
      "time": "10시간",
      "id": 4
    },
    {
      "course": "PHP + MySQL 단기 속성 마스터과정",
      "lecturer": "bananagirl",
      "time": "37시간",
      "id": 5
    },
    {
      "course": "Node.js 프로그래밍 입문과정",
      "lecturer": "mangowoman",
      "time": "22시간",
      "id": 6
    },
    {
      "course": "반응형 웹디자인 취업과정",
      "lecturer": "melongirl",
      "time": "44시간",
      "id": 7
    },
    {
      "course": "SQL 레시피 방학특강",
      "lecturer": "peanutman",
      "time": "55시간",
      "id": 8
    },
    {
      "course": "비전공자를 위한 웹프로그래밍 기초",
      "lecturer": "smartman",
      "time": "35시간",
      "id": 9
    },
    {
      "course": "파이썬 코딩 기초에서 활용까지",
      "lecturer": "snakeman",
      "time": "21시간",
      "id": 10
    },
    {
      "course": "60시간 코딩을 통한 왕초보 탈출하기",
      "lecturer": "rocketman",
      "time": "60시간",
      "id": 11
    }
  ],
  "comments": [
    {
      "id": 1,
      "body": "첫 댓글을 달아봅니다.",
      "postId": 1
    },
    {
      "id": 2,
      "body": "두번째 댓글을 달아봅니다.",
      "postId": 1
    },
    {
      "id": 3,
      "body": "두 번째 글에 첫 댓글을 달아봅니다.",
      "postId": 2
    }
  ],
  "movies": {
    "name": "Prey (Predator)"
  }
}