{
  "posts": [
    {
      "id": 1,
      "course": "포토샵 기초에서 활용까지",
      "lecturer": "superman"
    },
    {
      "id": 2,
      "course": "프런트엔드 개발자과정 기초에서 활용까지",
      "lecturer": "batman"
    },
    {
      "id": 3,
      "course": "English Basic",
      "lecturer": "superbatman"
    }
  ],
  "comments": [
    {
      "id": 1,
      "body": "첫 번째 댓글입니다.",
      "postId": 1
    },
    {
      "id": 2,
      "body": "두 번째 댓글입니다.",
      "postId": 1
    },
    {
      "id": 3,
      "body": "세 번째 댓글입니다.",
      "postId": 2
    }
  ],
  "movies": {
    "name": "Prey (Predator)"
  }
}